address,city,phoneNo,postalCode,province,country,user,quantity,product,productPrice,basePrice,shippingPrice,taxPrice,totalPrice,paymentMethod,orderStatus
DHA,Lahore,3338646718,4076,Punjab,Pakistan,63df978038817dd7e9cbd6a5,2,644bcf1cac5f5829b4b47486,45,90,13.5,4.5,108,COD,IN_TRANSIT
DHA,Lahore,3213473296,4076,Punjab,Pakistan,63df978038817dd7e9cbd6a5,1,644bcb8d7873890d43e91331,10,10,1.5,0.5,12,COD,IN_TRANSIT
DHA,Lahore,3008779991,4076,Punjab,Pakistan,63df978038817dd7e9cbd6a5,5,644bdbb7ac5f5829b4b47701,70,350,0,17.5,367.5,COD,PROCESSING
DHA,Lahore,3339021049,4076,Punjab,Pakistan,63df978038817dd7e9cbd6a5,2,6449938d066c1c63114f9fd8,30,60,9,3,72,COD,DELIVERED
D-12,Islamabad,3331128327,9131,Islamabad Capital Territory,Pakistan,644be64647fa164fe9e19bd9,2,644bcb1e7873890d43e91329,50,100,15,5,120,COD,DELIVERED
D-12,Islamabad,3458958918,9131,Islamabad Capital Territory,Pakistan,644be64647fa164fe9e19bd9,1,644bcb6d7873890d43e9132d,15,15,2.25,0.75,18,COD,DELIVERED
D-12,Islamabad,3336127585,9131,Islamabad Capital Territory,Pakistan,644be64647fa164fe9e19bd9,4,64499aaebed8780e7aaf9f5b,250,1000,0,50,1050,COD,DELIVERED
D-12,Islamabad,3334089459,9131,Islamabad Capital Territory,Pakistan,644be64647fa164fe9e19bd9,1,644bcc8eac5f5829b4b4733d,55,55,8.25,2.75,66,COD,DELIVERED
E-11,Islamabad,3356421482,6971,Islamabad Capital Territory,Pakistan,644d30a6575fed15b0c4146b,4,644bd749ac5f5829b4b4760d,13,52,7.8,2.6,62.4,COD,DELIVERED
E-11,Islamabad,3214643478,6971,Islamabad Capital Territory,Pakistan,644d30a6575fed15b0c4146b,2,63f36cc325f739098723d0f7,35,70,10.5,3.5,84,COD,IN_TRANSIT
E-11,Islamabad,3237056215,6971,Islamabad Capital Territory,Pakistan,644d30a6575fed15b0c4146b,2,644bdbb7ac5f5829b4b47701,70,140,0,7,147,COD,DELIVERED
E-11,Islamabad,3001861843,6971,Islamabad Capital Territory,Pakistan,644d30a6575fed15b0c4146b,1,64499aaebed8780e7aaf9f5b,250,250,0,12.5,262.5,COD,DELIVERED
I-10,Islamabad,3338274281,5571,Islamabad Capital Territory,Pakistan,644e3d8ba5e1e39e1a63b6ca,5,6449938d066c1c63114f9fd8,30,150,0,7.5,157.5,COD,PROCESSING
I-10,Islamabad,3356484900,5571,Islamabad Capital Territory,Pakistan,644e3d8ba5e1e39e1a63b6ca,1,644bd6d6ac5f5829b4b47601,8,8,1.2,0.4,9.6,COD,DELIVERED
I-10,Islamabad,3212813436,5571,Islamabad Capital Territory,Pakistan,644e3d8ba5e1e39e1a63b6ca,4,644bd07bac5f5829b4b474d0,95,380,0,19,399,COD,DELIVERED
I-10,Islamabad,3455938801,5571,Islamabad Capital Territory,Pakistan,644e3d8ba5e1e39e1a63b6ca,1,64499aaebed8780e7aaf9f5b,250,250,0,12.5,262.5,COD,DELIVERED
F-6,Peshawar,3009025363,8893,Khyber Pakhtunkhwa,Pakistan,644e3d8ba5e1e39e1a63b6c8,2,644bcc24ac5f5829b4b47323,25,50,7.5,2.5,60,COD,DELIVERED
F-6,Peshawar,3219410878,8893,Khyber Pakhtunkhwa,Pakistan,644e3d8ba5e1e39e1a63b6c8,4,644bd94cac5f5829b4b4768b,23,92,13.8,4.6,110.4,COD,PROCESSING
F-6,Peshawar,3333005309,8893,Khyber Pakhtunkhwa,Pakistan,644e3d8ba5e1e39e1a63b6c8,3,644bd07bac5f5829b4b474d0,95,285,0,14.25,299.25,COD,DELIVERED
F-6,Peshawar,3352654107,8893,Khyber Pakhtunkhwa,Pakistan,644e3d8ba5e1e39e1a63b6c8,4,644bd823ac5f5829b4b47630,30,120,0,6,126,COD,DELIVERED
Malir,Karachi,3457266901,8412,Sindh,Pakistan,644e3d8ba5e1e39e1a63b6c9,5,644bd0c0ac5f5829b4b474ef,35,175,0,8.75,183.75,COD,DELIVERED
Malir,Karachi,3215826019,8412,Sindh,Pakistan,644e3d8ba5e1e39e1a63b6c9,1,644bd502ac5f5829b4b475f1,15,15,2.25,0.75,18,COD,DELIVERED
Malir,Karachi,3333692097,8412,Sindh,Pakistan,644e3d8ba5e1e39e1a63b6c9,3,64499574066c1c63114fa045,25,75,11.25,3.75,90,COD,PROCESSING
Malir,Karachi,3001449866,8412,Sindh,Pakistan,644e3d8ba5e1e39e1a63b6c9,4,644bd243ac5f5829b4b47565,10,40,6,2,48,COD,DELIVERED
Karsaz,Karachi,3351027236,2546,Sindh,Pakistan,644e3d8ba5e1e39e1a63b6cb,2,644bd98aac5f5829b4b4768f,30,60,9,3,72,COD,DELIVERED
Karsaz,Karachi,3335401889,2546,Sindh,Pakistan,644e3d8ba5e1e39e1a63b6cb,2,644bd7f7ac5f5829b4b4762c,35,70,10.5,3.5,84,COD,DELIVERED
Karsaz,Karachi,3233283343,2546,Sindh,Pakistan,644e3d8ba5e1e39e1a63b6cb,5,644bd9bdac5f5829b4b47693,20,100,15,5,120,COD,IN_TRANSIT
Karsaz,Karachi,3009705724,2546,Sindh,Pakistan,644e3d8ba5e1e39e1a63b6cb,5,644bd94cac5f5829b4b4768b,23,115,0,5.75,120.75,COD,DELIVERED
Gulberg,Lahore,3335371028,7610,Punjab,Pakistan,644e3d8ba5e1e39e1a63b6cd,2,644bcd38ac5f5829b4b47374,40,80,12,4,96,COD,DELIVERED
Gulberg,Lahore,3236967609,7610,Punjab,Pakistan,644e3d8ba5e1e39e1a63b6cd,2,644bce80ac5f5829b4b47463,15,30,4.5,1.5,36,COD,DELIVERED
Gulberg,Lahore,3006561367,7610,Punjab,Pakistan,644e3d8ba5e1e39e1a63b6cd,3,644bd8abac5f5829b4b47683,45,135,0,6.75,141.75,COD,DELIVERED
Gulberg,Lahore,3338281530,7610,Punjab,Pakistan,644e3d8ba5e1e39e1a63b6cd,5,64499aaebed8780e7aaf9f5b,250,1250,0,62.5,1312.5,COD,PROCESSING
DHA,Lahore,3359605037,9875,Punjab,Pakistan,644e3d8ba5e1e39e1a63b6cc,5,64499574066c1c63114fa045,25,125,0,6.25,131.25,COD,DELIVERED
DHA,Lahore,3337322793,9875,Punjab,Pakistan,644e3d8ba5e1e39e1a63b6cc,3,64499a1abed8780e7aaf9ee8,350,1050,0,52.5,1102.5,COD,DELIVERED
DHA,Lahore,3338893009,9875,Punjab,Pakistan,644e3d8ba5e1e39e1a63b6cc,4,644bd9bdac5f5829b4b47693,20,80,12,4,96,COD,IN_TRANSIT
DHA,Lahore,3237340527,9875,Punjab,Pakistan,644e3d8ba5e1e39e1a63b6cc,1,644bda7eac5f5829b4b476ba,75,75,11.25,3.75,90,COD,DELIVERED
Gulberg,Lahore,3455219753,1284,Punjab,Pakistan,644e3d8ba5e1e39e1a63b6ce,3,644bcf73ac5f5829b4b474a5,25,75,11.25,3.75,90,COD,DELIVERED
Gulberg,Lahore,3002006533,1284,Punjab,Pakistan,644e3d8ba5e1e39e1a63b6ce,3,644bd8abac5f5829b4b47683,45,135,0,6.75,141.75,COD,DELIVERED
Gulberg,Lahore,3008701865,1284,Punjab,Pakistan,644e3d8ba5e1e39e1a63b6ce,1,644bcb8d7873890d43e91331,10,10,1.5,0.5,12,COD,DELIVERED
Gulberg,Lahore,3454289932,1284,Punjab,Pakistan,644e3d8ba5e1e39e1a63b6ce,2,644999dbbed8780e7aaf9ee4,100,200,0,10,210,COD,DELIVERED
University Town,Peshawar,3215041163,4615,Khyber Pakhtunkhwa,Pakistan,644e3d8ba5e1e39e1a63b6cf,5,644bd842ac5f5829b4b47634,40,200,0,10,210,COD,DELIVERED
University Town,Peshawar,3458510820,4615,Khyber Pakhtunkhwa,Pakistan,644e3d8ba5e1e39e1a63b6cf,1,644bd2ddac5f5829b4b47596,500,500,0,25,525,COD,DELIVERED
University Town,Peshawar,3359318289,4615,Khyber Pakhtunkhwa,Pakistan,644e3d8ba5e1e39e1a63b6cf,2,644bcf73ac5f5829b4b474a5,25,50,7.5,2.5,60,COD,DELIVERED
University Town,Peshawar,3212271685,4615,Khyber Pakhtunkhwa,Pakistan,644e3d8ba5e1e39e1a63b6cf,4,644bd0c0ac5f5829b4b474ef,35,140,0,7,147,COD,DELIVERED
Peshawar Cantt,Peshawar,3239706895,1840,Khyber Pakhtunkhwa,Pakistan,644e3d8ba5e1e39e1a63b6d0,5,644bd243ac5f5829b4b47565,10,50,7.5,2.5,60,COD,DELIVERED
Peshawar Cantt,Peshawar,3356039697,1840,Khyber Pakhtunkhwa,Pakistan,644e3d8ba5e1e39e1a63b6d0,1,644bdb89ac5f5829b4b476ce,70,70,10.5,3.5,84,COD,PROCESSING
Peshawar Cantt,Peshawar,3358615416,1840,Khyber Pakhtunkhwa,Pakistan,644e3d8ba5e1e39e1a63b6d0,2,644bd9f3ac5f5829b4b47697,25,50,7.5,2.5,60,COD,DELIVERED
Peshawar Cantt,Peshawar,3006832907,1840,Khyber Pakhtunkhwa,Pakistan,644e3d8ba5e1e39e1a63b6d0,2,644bd749ac5f5829b4b4760d,13,26,3.9,1.3,31.2,COD,PROCESSING
F-6,Peshawar,3008434210,1735,Khyber Pakhtunkhwa,Pakistan,644e3d8ba5e1e39e1a63b6d1,4,644bcee5ac5f5829b4b47482,35,140,0,7,147,COD,DELIVERED
F-6,Peshawar,3234252827,1735,Khyber Pakhtunkhwa,Pakistan,644e3d8ba5e1e39e1a63b6d1,1,64499574066c1c63114fa045,25,25,3.75,1.25,30,COD,DELIVERED
F-6,Peshawar,3453828649,1735,Khyber Pakhtunkhwa,Pakistan,644e3d8ba5e1e39e1a63b6d1,2,644bda52ac5f5829b4b476b6,65,130,0,6.5,136.5,COD,DELIVERED
F-6,Peshawar,3214764371,1735,Khyber Pakhtunkhwa,Pakistan,644e3d8ba5e1e39e1a63b6d1,4,644bd0c0ac5f5829b4b474ef,35,140,0,7,147,COD,DELIVERED
Hayatabad,Peshawar,3233289610,3803,Khyber Pakhtunkhwa,Pakistan,644e3d8ba5e1e39e1a63b6d2,3,644bcdd6ac5f5829b4b47425,10,30,4.5,1.5,36,COD,DELIVERED
Hayatabad,Peshawar,3334405816,3803,Khyber Pakhtunkhwa,Pakistan,644e3d8ba5e1e39e1a63b6d2,3,644bd570ac5f5829b4b475f5,150,450,0,22.5,472.5,COD,DELIVERED
Hayatabad,Peshawar,3003659808,3803,Khyber Pakhtunkhwa,Pakistan,644e3d8ba5e1e39e1a63b6d2,2,644bdb67ac5f5829b4b476ca,87,174,0,8.7,182.7,COD,DELIVERED
Hayatabad,Peshawar,3452054146,3803,Khyber Pakhtunkhwa,Pakistan,644e3d8ba5e1e39e1a63b6d2,2,644bcd38ac5f5829b4b47374,40,80,12,4,96,COD,DELIVERED
Airport Road,Quetta,3212249076,9693,Balochistan,Pakistan,644e3d8ba5e1e39e1a63b6d3,2,644bcfd2ac5f5829b4b474ad,5,10,1.5,0.5,12,COD,DELIVERED
Airport Road,Quetta,3213233780,9693,Balochistan,Pakistan,644e3d8ba5e1e39e1a63b6d3,1,644bda52ac5f5829b4b476b6,65,65,9.75,3.25,78,COD,DELIVERED
Airport Road,Quetta,3001757235,9693,Balochistan,Pakistan,644e3d8ba5e1e39e1a63b6d3,1,63e239d0c53615dca0911511,30,30,4.5,1.5,36,COD,DELIVERED
Airport Road,Quetta,3234223141,9693,Balochistan,Pakistan,644e3d8ba5e1e39e1a63b6d3,2,64499482066c1c63114f9ffd,10,20,3,1,24,COD,DELIVERED
F-6,Peshawar,3336970805,2619,Khyber Pakhtunkhwa,Pakistan,644e3d8ba5e1e39e1a63b6d4,1,644bd243ac5f5829b4b47565,10,10,1.5,0.5,12,COD,DELIVERED
F-6,Peshawar,3211017562,2619,Khyber Pakhtunkhwa,Pakistan,644e3d8ba5e1e39e1a63b6d4,4,644bd0c0ac5f5829b4b474ef,35,140,0,7,147,COD,DELIVERED
F-6,Peshawar,3452283892,2619,Khyber Pakhtunkhwa,Pakistan,644e3d8ba5e1e39e1a63b6d4,4,644bd042ac5f5829b4b474cc,75,300,0,15,315,COD,DELIVERED
F-6,Peshawar,3213159701,2619,Khyber Pakhtunkhwa,Pakistan,644e3d8ba5e1e39e1a63b6d4,2,644bdaafac5f5829b4b476be,35,70,10.5,3.5,84,COD,DELIVERED
Airport Road,Quetta,3457772547,4911,Balochistan,Pakistan,644e3d8ba5e1e39e1a63b6d5,2,644bd9bdac5f5829b4b47693,20,40,6,2,48,COD,IN_TRANSIT
Airport Road,Quetta,3333905388,4911,Balochistan,Pakistan,644e3d8ba5e1e39e1a63b6d5,4,644997f0bed8780e7aaf9e5b,60,240,0,12,252,COD,DELIVERED
Airport Road,Quetta,3454270021,4911,Balochistan,Pakistan,644e3d8ba5e1e39e1a63b6d5,3,644bcb8d7873890d43e91331,10,30,4.5,1.5,36,COD,IN_TRANSIT
Airport Road,Quetta,3237752492,4911,Balochistan,Pakistan,644e3d8ba5e1e39e1a63b6d5,3,6449938d066c1c63114f9fd8,30,90,13.5,4.5,108,COD,DELIVERED
DHA,Lahore,3004162412,6424,Punjab,Pakistan,644e3d8ba5e1e39e1a63b6d6,3,6449938d066c1c63114f9fd8,30,90,13.5,4.5,108,COD,DELIVERED
DHA,Lahore,3453285120,6424,Punjab,Pakistan,644e3d8ba5e1e39e1a63b6d6,1,644bcfd2ac5f5829b4b474ad,5,5,0.75,0.25,6,COD,PROCESSING
DHA,Lahore,3351943691,6424,Punjab,Pakistan,644e3d8ba5e1e39e1a63b6d6,3,644bd570ac5f5829b4b475f5,150,450,0,22.5,472.5,COD,DELIVERED
DHA,Lahore,3212563989,6424,Punjab,Pakistan,644e3d8ba5e1e39e1a63b6d6,5,64499482066c1c63114f9ffd,10,50,7.5,2.5,60,COD,DELIVERED
University Town,Peshawar,3005854470,5709,Khyber Pakhtunkhwa,Pakistan,644e3d8ba5e1e39e1a63b6d7,5,644bd211ac5f5829b4b47561,65,325,0,16.25,341.25,COD,IN_TRANSIT
University Town,Peshawar,3454420812,5709,Khyber Pakhtunkhwa,Pakistan,644e3d8ba5e1e39e1a63b6d7,3,644bd2ddac5f5829b4b47596,500,1500,0,75,1575,COD,DELIVERED
University Town,Peshawar,3005721331,5709,Khyber Pakhtunkhwa,Pakistan,644e3d8ba5e1e39e1a63b6d7,4,644bdb67ac5f5829b4b476ca,87,348,0,17.4,365.4,COD,DELIVERED
University Town,Peshawar,3452305410,5709,Khyber Pakhtunkhwa,Pakistan,644e3d8ba5e1e39e1a63b6d7,5,64499984bed8780e7aaf9ee0,125,625,0,31.25,656.25,COD,PROCESSING
Karsaz,Karachi,3215652027,2140,Sindh,Pakistan,644e3d8ba5e1e39e1a63b6d8,4,644bcc8eac5f5829b4b4733d,55,220,0,11,231,COD,DELIVERED
Karsaz,Karachi,3219756472,2140,Sindh,Pakistan,644e3d8ba5e1e39e1a63b6d8,5,644bcda7ac5f5829b4b47407,10,50,7.5,2.5,60,COD,DELIVERED
Karsaz,Karachi,3354961391,2140,Sindh,Pakistan,644e3d8ba5e1e39e1a63b6d8,3,64499507066c1c63114fa00b,25,75,11.25,3.75,90,COD,DELIVERED
Karsaz,Karachi,3218410486,2140,Sindh,Pakistan,644e3d8ba5e1e39e1a63b6d8,3,644bdbe2ac5f5829b4b47705,150,450,0,22.5,472.5,COD,DELIVERED
Clifton,Karachi,3338136524,9320,Sindh,Pakistan,644e3d8ba5e1e39e1a63b6d9,2,644bd9f3ac5f5829b4b47697,25,50,7.5,2.5,60,COD,IN_TRANSIT
Clifton,Karachi,3231154011,9320,Sindh,Pakistan,644e3d8ba5e1e39e1a63b6d9,1,644bcae77873890d43e912fc,50,50,7.5,2.5,60,COD,DELIVERED
Clifton,Karachi,3004191019,9320,Sindh,Pakistan,644e3d8ba5e1e39e1a63b6d9,5,644bd823ac5f5829b4b47630,30,150,0,7.5,157.5,COD,DELIVERED
Clifton,Karachi,3218347840,9320,Sindh,Pakistan,644e3d8ba5e1e39e1a63b6d9,5,644bd733ac5f5829b4b47609,12,60,9,3,72,COD,DELIVERED
North Nazimabad,Karachi,3236133071,2495,Sindh,Pakistan,644e3d8ba5e1e39e1a63b6da,1,644bda7eac5f5829b4b476ba,75,75,11.25,3.75,90,COD,PROCESSING
North Nazimabad,Karachi,3213894329,2495,Sindh,Pakistan,644e3d8ba5e1e39e1a63b6da,3,644bcb8d7873890d43e91331,10,30,4.5,1.5,36,COD,DELIVERED
North Nazimabad,Karachi,3007513883,2495,Sindh,Pakistan,644e3d8ba5e1e39e1a63b6da,4,64499507066c1c63114fa00b,25,100,15,5,120,COD,DELIVERED
North Nazimabad,Karachi,3238759358,2495,Sindh,Pakistan,644e3d8ba5e1e39e1a63b6da,4,644bdb67ac5f5829b4b476ca,87,348,0,17.4,365.4,COD,DELIVERED
I-10,Islamabad,3456972728,5988,Islamabad Capital Territory,Pakistan,644e3d8ba5e1e39e1a63b6db,3,644bd570ac5f5829b4b475f5,150,450,0,22.5,472.5,COD,DELIVERED
I-10,Islamabad,3233885343,5988,Islamabad Capital Territory,Pakistan,644e3d8ba5e1e39e1a63b6db,5,644bd5c8ac5f5829b4b475f9,40,200,0,10,210,COD,DELIVERED
I-10,Islamabad,3357042536,5988,Islamabad Capital Territory,Pakistan,644e3d8ba5e1e39e1a63b6db,1,644bd842ac5f5829b4b47634,40,40,6,2,48,COD,DELIVERED
I-10,Islamabad,3219468740,5988,Islamabad Capital Territory,Pakistan,644e3d8ba5e1e39e1a63b6db,4,644bd43cac5f5829b4b475a2,25,100,15,5,120,COD,DELIVERED
D-12,Islamabad,3333397261,9753,Islamabad Capital Territory,Pakistan,644e3d8ba5e1e39e1a63b6dc,4,644bd042ac5f5829b4b474cc,75,300,0,15,315,COD,DELIVERED
D-12,Islamabad,3219150035,9753,Islamabad Capital Territory,Pakistan,644e3d8ba5e1e39e1a63b6dc,5,6449938d066c1c63114f9fd8,30,150,0,7.5,157.5,COD,DELIVERED
D-12,Islamabad,3212433429,9753,Islamabad Capital Territory,Pakistan,644e3d8ba5e1e39e1a63b6dc,2,64499482066c1c63114f9ffd,10,20,3,1,24,COD,PROCESSING
D-12,Islamabad,3213464008,9753,Islamabad Capital Territory,Pakistan,644e3d8ba5e1e39e1a63b6dc,3,644bd733ac5f5829b4b47609,12,36,5.4,1.8,43.2,COD,DELIVERED
DHA,Lahore,3237700067,9712,Punjab,Pakistan,644e3d8ba5e1e39e1a63b6dd,5,644bdbb7ac5f5829b4b47701,70,350,0,17.5,367.5,COD,DELIVERED
DHA,Lahore,3454064924,9712,Punjab,Pakistan,644e3d8ba5e1e39e1a63b6dd,5,644bd318ac5f5829b4b4759a,750,3750,0,187.5,3937.5,COD,DELIVERED
DHA,Lahore,3353307335,9712,Punjab,Pakistan,644e3d8ba5e1e39e1a63b6dd,2,644bd860ac5f5829b4b47638,25,50,7.5,2.5,60,COD,PROCESSING
DHA,Lahore,3007278424,9712,Punjab,Pakistan,644e3d8ba5e1e39e1a63b6dd,3,64499a1abed8780e7aaf9ee8,350,1050,0,52.5,1102.5,COD,DELIVERED
DHA,Lahore,3354854180,9035,Punjab,Pakistan,644e3d8ba5e1e39e1a63b6de,1,644bcee5ac5f5829b4b47482,35,35,5.25,1.75,42,COD,PROCESSING
DHA,Lahore,3216766230,9035,Punjab,Pakistan,644e3d8ba5e1e39e1a63b6de,2,644bd43cac5f5829b4b475a2,25,50,7.5,2.5,60,COD,DELIVERED
DHA,Lahore,3219986516,9035,Punjab,Pakistan,644e3d8ba5e1e39e1a63b6de,2,644bcfd2ac5f5829b4b474ad,5,10,1.5,0.5,12,COD,DELIVERED
DHA,Lahore,3231515838,9035,Punjab,Pakistan,644e3d8ba5e1e39e1a63b6de,5,644bcac07873890d43e912f8,35,175,0,8.75,183.75,COD,DELIVERED
I-10,Islamabad,3452404179,8614,Islamabad Capital Territory,Pakistan,644e3d8ba5e1e39e1a63b6df,5,644bd07bac5f5829b4b474d0,95,475,0,23.75,498.75,COD,DELIVERED
I-10,Islamabad,3338913564,8614,Islamabad Capital Territory,Pakistan,644e3d8ba5e1e39e1a63b6df,1,644bd211ac5f5829b4b47561,65,65,9.75,3.25,78,COD,DELIVERED
I-10,Islamabad,3451906529,8614,Islamabad Capital Territory,Pakistan,644e3d8ba5e1e39e1a63b6df,1,644bcfd2ac5f5829b4b474ad,5,5,0.75,0.25,6,COD,DELIVERED
I-10,Islamabad,3353654802,8614,Islamabad Capital Territory,Pakistan,644e3d8ba5e1e39e1a63b6df,1,644bd211ac5f5829b4b47561,65,65,9.75,3.25,78,COD,DELIVERED
Defence,Karachi,3215951913,4823,Sindh,Pakistan,644e3d8ba5e1e39e1a63b6e0,5,644bdb67ac5f5829b4b476ca,87,435,0,21.75,456.75,COD,PROCESSING
Defence,Karachi,3233125826,4823,Sindh,Pakistan,644e3d8ba5e1e39e1a63b6e0,4,644bd9bdac5f5829b4b47693,20,80,12,4,96,COD,PROCESSING
Defence,Karachi,3003186645,4823,Sindh,Pakistan,644e3d8ba5e1e39e1a63b6e0,3,644bcb8d7873890d43e91331,10,30,4.5,1.5,36,COD,DELIVERED
Defence,Karachi,3008562865,4823,Sindh,Pakistan,644e3d8ba5e1e39e1a63b6e0,4,644bdb3dac5f5829b4b476c6,105,420,0,21,441,COD,DELIVERED
Model Town,Lahore,3334675462,9022,Punjab,Pakistan,644e3d8ba5e1e39e1a63b6e1,5,644bd211ac5f5829b4b47561,65,325,0,16.25,341.25,COD,DELIVERED
Model Town,Lahore,3454461325,9022,Punjab,Pakistan,644e3d8ba5e1e39e1a63b6e1,2,644bd733ac5f5829b4b47609,12,24,3.6,1.2,28.8,COD,DELIVERED
Model Town,Lahore,3239935491,9022,Punjab,Pakistan,644e3d8ba5e1e39e1a63b6e1,2,644bcccfac5f5829b4b47358,60,120,0,6,126,COD,DELIVERED
Model Town,Lahore,3336495849,9022,Punjab,Pakistan,644e3d8ba5e1e39e1a63b6e1,4,644bdb89ac5f5829b4b476ce,70,280,0,14,294,COD,DELIVERED
F-6,Peshawar,3233937123,3127,Khyber Pakhtunkhwa,Pakistan,644e3d8ba5e1e39e1a63b6e2,4,644bcd38ac5f5829b4b47374,40,160,0,8,168,COD,DELIVERED
F-6,Peshawar,3452500155,3127,Khyber Pakhtunkhwa,Pakistan,644e3d8ba5e1e39e1a63b6e2,4,63f36cc325f739098723d0f7,35,140,0,7,147,COD,DELIVERED
F-6,Peshawar,3004915281,3127,Khyber Pakhtunkhwa,Pakistan,644e3d8ba5e1e39e1a63b6e2,2,644bdb89ac5f5829b4b476ce,70,140,0,7,147,COD,DELIVERED
F-6,Peshawar,3453596045,3127,Khyber Pakhtunkhwa,Pakistan,644e3d8ba5e1e39e1a63b6e2,4,644999dbbed8780e7aaf9ee4,100,400,0,20,420,COD,DELIVERED
E-11,Islamabad,3232540901,9389,Islamabad Capital Territory,Pakistan,644e3d8ba5e1e39e1a63b6e3,3,644bd860ac5f5829b4b47638,25,75,11.25,3.75,90,COD,DELIVERED
E-11,Islamabad,3236819710,9389,Islamabad Capital Territory,Pakistan,644e3d8ba5e1e39e1a63b6e3,5,644bda7eac5f5829b4b476ba,75,375,0,18.75,393.75,COD,DELIVERED
E-11,Islamabad,3236620716,9389,Islamabad Capital Territory,Pakistan,644e3d8ba5e1e39e1a63b6e3,4,6449938d066c1c63114f9fd8,30,120,0,6,126,COD,DELIVERED
E-11,Islamabad,3354265135,9389,Islamabad Capital Territory,Pakistan,644e3d8ba5e1e39e1a63b6e3,1,644bcee5ac5f5829b4b47482,35,35,5.25,1.75,42,COD,DELIVERED
Hayatabad,Peshawar,3355839729,8226,Khyber Pakhtunkhwa,Pakistan,644e3d8ba5e1e39e1a63b6e4,4,6449938d066c1c63114f9fd8,30,120,0,6,126,COD,IN_TRANSIT
Hayatabad,Peshawar,3214544131,8226,Khyber Pakhtunkhwa,Pakistan,644e3d8ba5e1e39e1a63b6e4,2,644bd243ac5f5829b4b47565,10,20,3,1,24,COD,DELIVERED
Hayatabad,Peshawar,3337307701,8226,Khyber Pakhtunkhwa,Pakistan,644e3d8ba5e1e39e1a63b6e4,3,644bd8abac5f5829b4b47683,45,135,0,6.75,141.75,COD,DELIVERED
Hayatabad,Peshawar,3234158656,8226,Khyber Pakhtunkhwa,Pakistan,644e3d8ba5e1e39e1a63b6e4,3,644997f0bed8780e7aaf9e5b,60,180,0,9,189,COD,DELIVERED
D-12,Islamabad,3006146841,3505,Islamabad Capital Territory,Pakistan,644e3d8ba5e1e39e1a63b6e5,5,644bd466ac5f5829b4b475a6,30,150,0,7.5,157.5,COD,DELIVERED
D-12,Islamabad,3005304441,3505,Islamabad Capital Territory,Pakistan,644e3d8ba5e1e39e1a63b6e5,1,644bcfd2ac5f5829b4b474ad,5,5,0.75,0.25,6,COD,DELIVERED
D-12,Islamabad,3454658415,3505,Islamabad Capital Territory,Pakistan,644e3d8ba5e1e39e1a63b6e5,4,644bcf73ac5f5829b4b474a5,25,100,15,5,120,COD,IN_TRANSIT
D-12,Islamabad,3454751504,3505,Islamabad Capital Territory,Pakistan,644e3d8ba5e1e39e1a63b6e5,2,644bce4dac5f5829b4b47444,25,50,7.5,2.5,60,COD,DELIVERED
G-9,Islamabad,3004021849,3737,Islamabad Capital Territory,Pakistan,644e3d8ba5e1e39e1a63b6e6,4,644bd98aac5f5829b4b4768f,30,120,0,6,126,COD,DELIVERED
G-9,Islamabad,3235948995,3737,Islamabad Capital Territory,Pakistan,644e3d8ba5e1e39e1a63b6e6,2,644bce4dac5f5829b4b47444,25,50,7.5,2.5,60,COD,DELIVERED
G-9,Islamabad,3333248493,3737,Islamabad Capital Territory,Pakistan,644e3d8ba5e1e39e1a63b6e6,1,644bd94cac5f5829b4b4768b,23,23,3.45,1.15,27.6,COD,PROCESSING
G-9,Islamabad,3002033294,3737,Islamabad Capital Territory,Pakistan,644e3d8ba5e1e39e1a63b6e6,4,644bcc8eac5f5829b4b4733d,55,220,0,11,231,COD,DELIVERED
University Town,Peshawar,3459146915,5319,Khyber Pakhtunkhwa,Pakistan,644e3d8ba5e1e39e1a63b6e7,4,644bd0dbac5f5829b4b474f3,20,80,12,4,96,COD,DELIVERED
University Town,Peshawar,3218966848,5319,Khyber Pakhtunkhwa,Pakistan,644e3d8ba5e1e39e1a63b6e7,1,644bd9f3ac5f5829b4b47697,25,25,3.75,1.25,30,COD,IN_TRANSIT
University Town,Peshawar,3455921444,5319,Khyber Pakhtunkhwa,Pakistan,644e3d8ba5e1e39e1a63b6e7,4,644bd60eac5f5829b4b475fd,25,100,15,5,120,COD,DELIVERED
University Town,Peshawar,3009770012,5319,Khyber Pakhtunkhwa,Pakistan,644e3d8ba5e1e39e1a63b6e7,2,644bd570ac5f5829b4b475f5,150,300,0,15,315,COD,DELIVERED
Peshawar Cantt,Peshawar,3238866261,8635,Khyber Pakhtunkhwa,Pakistan,644e3d8ba5e1e39e1a63b6e8,1,64499482066c1c63114f9ffd,10,10,1.5,0.5,12,COD,DELIVERED
Peshawar Cantt,Peshawar,3234042797,8635,Khyber Pakhtunkhwa,Pakistan,644e3d8ba5e1e39e1a63b6e8,5,644bd70fac5f5829b4b47605,15,75,11.25,3.75,90,COD,PROCESSING
Peshawar Cantt,Peshawar,3352785526,8635,Khyber Pakhtunkhwa,Pakistan,644e3d8ba5e1e39e1a63b6e8,4,644bcdd6ac5f5829b4b47425,10,40,6,2,48,COD,DELIVERED
Peshawar Cantt,Peshawar,3005970702,8635,Khyber Pakhtunkhwa,Pakistan,644e3d8ba5e1e39e1a63b6e8,5,644bd570ac5f5829b4b475f5,150,750,0,37.5,787.5,COD,DELIVERED
Peshawar Cantt,Peshawar,3338585956,6250,Khyber Pakhtunkhwa,Pakistan,644e3d8ba5e1e39e1a63b6e9,1,644bd860ac5f5829b4b47638,25,25,3.75,1.25,30,COD,DELIVERED
Peshawar Cantt,Peshawar,3213127323,6250,Khyber Pakhtunkhwa,Pakistan,644e3d8ba5e1e39e1a63b6e9,3,644bce4dac5f5829b4b47444,25,75,11.25,3.75,90,COD,DELIVERED
Peshawar Cantt,Peshawar,3458776629,6250,Khyber Pakhtunkhwa,Pakistan,644e3d8ba5e1e39e1a63b6e9,4,6449938d066c1c63114f9fd8,30,120,0,6,126,COD,PROCESSING
Peshawar Cantt,Peshawar,3357603755,6250,Khyber Pakhtunkhwa,Pakistan,644e3d8ba5e1e39e1a63b6e9,5,644bd842ac5f5829b4b47634,40,200,0,10,210,COD,DELIVERED
Hayatabad,Peshawar,3356297921,3886,Khyber Pakhtunkhwa,Pakistan,644e3d8ba5e1e39e1a63b6eb,2,63e239d0c53615dca0911511,30,60,9,3,72,COD,DELIVERED
Hayatabad,Peshawar,3007057822,3886,Khyber Pakhtunkhwa,Pakistan,644e3d8ba5e1e39e1a63b6eb,5,63f36cc325f739098723d0f7,35,175,0,8.75,183.75,COD,DELIVERED
Hayatabad,Peshawar,3339310677,3886,Khyber Pakhtunkhwa,Pakistan,644e3d8ba5e1e39e1a63b6eb,3,644bd43cac5f5829b4b475a2,25,75,11.25,3.75,90,COD,DELIVERED
Hayatabad,Peshawar,3457239519,3886,Khyber Pakhtunkhwa,Pakistan,644e3d8ba5e1e39e1a63b6eb,1,644bd243ac5f5829b4b47565,10,10,1.5,0.5,12,COD,DELIVERED
North Nazimabad,Karachi,3457114846,8718,Sindh,Pakistan,644e3d8ba5e1e39e1a63b6ea,3,644bd842ac5f5829b4b47634,40,120,0,6,126,COD,DELIVERED
North Nazimabad,Karachi,3239667832,8718,Sindh,Pakistan,644e3d8ba5e1e39e1a63b6ea,2,644bcc8eac5f5829b4b4733d,55,110,0,5.5,115.5,COD,DELIVERED
North Nazimabad,Karachi,3215239622,8718,Sindh,Pakistan,644e3d8ba5e1e39e1a63b6ea,5,644bd94cac5f5829b4b4768b,23,115,0,5.75,120.75,COD,PROCESSING
North Nazimabad,Karachi,3353876395,8718,Sindh,Pakistan,644e3d8ba5e1e39e1a63b6ea,4,644bcfd2ac5f5829b4b474ad,5,20,3,1,24,COD,DELIVERED
Airport Road,Quetta,3332662178,2906,Balochistan,Pakistan,644e3d8ba5e1e39e1a63b6ec,3,644bcb1e7873890d43e91329,50,150,0,7.5,157.5,COD,PROCESSING
Airport Road,Quetta,3008833361,2906,Balochistan,Pakistan,644e3d8ba5e1e39e1a63b6ec,4,644bdb12ac5f5829b4b476c2,120,480,0,24,504,COD,DELIVERED
Airport Road,Quetta,3218350849,2906,Balochistan,Pakistan,644e3d8ba5e1e39e1a63b6ec,3,644bda7eac5f5829b4b476ba,75,225,0,11.25,236.25,COD,DELIVERED
Airport Road,Quetta,3005071185,2906,Balochistan,Pakistan,644e3d8ba5e1e39e1a63b6ec,1,644bdbe2ac5f5829b4b47705,150,150,0,7.5,157.5,COD,DELIVERED
Zarghoon Road,Quetta,3336405305,8252,Balochistan,Pakistan,644e3d8ba5e1e39e1a63b6ed,1,644bdaafac5f5829b4b476be,35,35,5.25,1.75,42,COD,DELIVERED
Zarghoon Road,Quetta,3216498759,8252,Balochistan,Pakistan,644e3d8ba5e1e39e1a63b6ed,4,644bd243ac5f5829b4b47565,10,40,6,2,48,COD,DELIVERED
Zarghoon Road,Quetta,3217568317,8252,Balochistan,Pakistan,644e3d8ba5e1e39e1a63b6ed,3,644bcae77873890d43e912fc,50,150,0,7.5,157.5,COD,PROCESSING
Zarghoon Road,Quetta,3004711980,8252,Balochistan,Pakistan,644e3d8ba5e1e39e1a63b6ed,4,644bd0dbac5f5829b4b474f3,20,80,12,4,96,COD,DELIVERED
Gulshan-e-Iqbal,Karachi,3234232465,1070,Sindh,Pakistan,644e3d8ba5e1e39e1a63b6ee,4,644bd5c8ac5f5829b4b475f9,40,160,0,8,168,COD,DELIVERED
Gulshan-e-Iqbal,Karachi,3002154382,1070,Sindh,Pakistan,644e3d8ba5e1e39e1a63b6ee,3,644bcfa5ac5f5829b4b474a9,15,45,6.75,2.25,54,COD,DELIVERED
Gulshan-e-Iqbal,Karachi,3218731837,1070,Sindh,Pakistan,644e3d8ba5e1e39e1a63b6ee,5,644bd70fac5f5829b4b47605,15,75,11.25,3.75,90,COD,DELIVERED
Gulshan-e-Iqbal,Karachi,3006894717,1070,Sindh,Pakistan,644e3d8ba5e1e39e1a63b6ee,1,64499aaebed8780e7aaf9f5b,250,250,0,12.5,262.5,COD,DELIVERED
Clifton,Karachi,3351145192,5626,Sindh,Pakistan,644e3d8ba5e1e39e1a63b6ef,3,6449938d066c1c63114f9fd8,30,90,13.5,4.5,108,COD,DELIVERED
Clifton,Karachi,3006823702,5626,Sindh,Pakistan,644e3d8ba5e1e39e1a63b6ef,1,644bcd38ac5f5829b4b47374,40,40,6,2,48,COD,DELIVERED
Clifton,Karachi,3338270670,5626,Sindh,Pakistan,644e3d8ba5e1e39e1a63b6ef,5,644bcfa5ac5f5829b4b474a9,15,75,11.25,3.75,90,COD,DELIVERED
Clifton,Karachi,3356612224,5626,Sindh,Pakistan,644e3d8ba5e1e39e1a63b6ef,5,644bd9bdac5f5829b4b47693,20,100,15,5,120,COD,PROCESSING
F-10,Islamabad,3451178991,2687,Islamabad Capital Territory,Pakistan,644e3d8ba5e1e39e1a63b6f0,1,644bce4dac5f5829b4b47444,25,25,3.75,1.25,30,COD,DELIVERED
F-10,Islamabad,3236714506,2687,Islamabad Capital Territory,Pakistan,644e3d8ba5e1e39e1a63b6f0,5,644bcccfac5f5829b4b47358,60,300,0,15,315,COD,DELIVERED
F-10,Islamabad,3214097702,2687,Islamabad Capital Territory,Pakistan,644e3d8ba5e1e39e1a63b6f0,2,644997f0bed8780e7aaf9e5b,60,120,0,6,126,COD,DELIVERED
F-10,Islamabad,3236837360,2687,Islamabad Capital Territory,Pakistan,644e3d8ba5e1e39e1a63b6f0,5,644bce4dac5f5829b4b47444,25,125,0,6.25,131.25,COD,DELIVERED
Clifton,Karachi,3339899332,2740,Sindh,Pakistan,644e3d8ba5e1e39e1a63b6f1,4,644bcfa5ac5f5829b4b474a9,15,60,9,3,72,COD,DELIVERED
Clifton,Karachi,3219039875,2740,Sindh,Pakistan,644e3d8ba5e1e39e1a63b6f1,4,644bd318ac5f5829b4b4759a,750,3000,0,150,3150,COD,DELIVERED
Clifton,Karachi,3459496215,2740,Sindh,Pakistan,644e3d8ba5e1e39e1a63b6f1,3,644bdb12ac5f5829b4b476c2,120,360,0,18,378,COD,DELIVERED
Clifton,Karachi,3359993301,2740,Sindh,Pakistan,644e3d8ba5e1e39e1a63b6f1,1,644bce80ac5f5829b4b47463,15,15,2.25,0.75,18,COD,DELIVERED
Gulberg,Lahore,3355246621,7147,Punjab,Pakistan,644e3d8ba5e1e39e1a63b6f2,5,644bd211ac5f5829b4b47561,65,325,0,16.25,341.25,COD,DELIVERED
Gulberg,Lahore,3215038711,7147,Punjab,Pakistan,644e3d8ba5e1e39e1a63b6f2,1,644bd749ac5f5829b4b4760d,13,13,1.95,0.65,15.6,COD,DELIVERED
Gulberg,Lahore,3002358248,7147,Punjab,Pakistan,644e3d8ba5e1e39e1a63b6f2,3,644bce4dac5f5829b4b47444,25,75,11.25,3.75,90,COD,DELIVERED
Gulberg,Lahore,3231822058,7147,Punjab,Pakistan,644e3d8ba5e1e39e1a63b6f2,5,644bcdd6ac5f5829b4b47425,10,50,7.5,2.5,60,COD,DELIVERED
Sattelite Town,Quetta,3217740151,9474,Balochistan,Pakistan,644e3d8ba5e1e39e1a63b6f3,2,644bcc24ac5f5829b4b47323,25,50,7.5,2.5,60,COD,DELIVERED
Sattelite Town,Quetta,3234439338,9474,Balochistan,Pakistan,644e3d8ba5e1e39e1a63b6f3,4,64499507066c1c63114fa00b,25,100,15,5,120,COD,DELIVERED
Sattelite Town,Quetta,3216502921,9474,Balochistan,Pakistan,644e3d8ba5e1e39e1a63b6f3,3,644bcac07873890d43e912f8,35,105,0,5.25,110.25,COD,IN_TRANSIT
Sattelite Town,Quetta,3458351761,9474,Balochistan,Pakistan,644e3d8ba5e1e39e1a63b6f3,2,644bdbb7ac5f5829b4b47701,70,140,0,7,147,COD,IN_TRANSIT
F-10,Islamabad,3358453077,8246,Islamabad Capital Territory,Pakistan,644e3d8ba5e1e39e1a63b6f5,3,644bd733ac5f5829b4b47609,12,36,5.4,1.8,43.2,COD,DELIVERED
F-10,Islamabad,3356079880,8246,Islamabad Capital Territory,Pakistan,644e3d8ba5e1e39e1a63b6f5,4,644bd823ac5f5829b4b47630,30,120,0,6,126,COD,DELIVERED
F-10,Islamabad,3455182583,8246,Islamabad Capital Territory,Pakistan,644e3d8ba5e1e39e1a63b6f5,3,644bdaafac5f5829b4b476be,35,105,0,5.25,110.25,COD,DELIVERED
F-10,Islamabad,3001026858,8246,Islamabad Capital Territory,Pakistan,644e3d8ba5e1e39e1a63b6f5,5,644bd842ac5f5829b4b47634,40,200,0,10,210,COD,DELIVERED
F-10,Islamabad,3359756693,6439,Islamabad Capital Territory,Pakistan,644e3d8ba5e1e39e1a63b6f4,3,644bcb6d7873890d43e9132d,15,45,6.75,2.25,54,COD,DELIVERED
F-10,Islamabad,3336181388,6439,Islamabad Capital Territory,Pakistan,644e3d8ba5e1e39e1a63b6f4,3,644bdb3dac5f5829b4b476c6,105,315,0,15.75,330.75,COD,DELIVERED
F-10,Islamabad,3334562679,6439,Islamabad Capital Territory,Pakistan,644e3d8ba5e1e39e1a63b6f4,3,644bd43cac5f5829b4b475a2,25,75,11.25,3.75,90,COD,DELIVERED
F-10,Islamabad,3231703445,6439,Islamabad Capital Territory,Pakistan,644e3d8ba5e1e39e1a63b6f4,4,644bd0dbac5f5829b4b474f3,20,80,12,4,96,COD,DELIVERED
Model Town,Lahore,3339760583,9728,Punjab,Pakistan,644e3d8ba5e1e39e1a63b6f6,3,644bd94cac5f5829b4b4768b,23,69,10.35,3.45,82.8,COD,DELIVERED
Model Town,Lahore,3231429018,9728,Punjab,Pakistan,644e3d8ba5e1e39e1a63b6f6,4,644bd0c0ac5f5829b4b474ef,35,140,0,7,147,COD,DELIVERED
Model Town,Lahore,3459128086,9728,Punjab,Pakistan,644e3d8ba5e1e39e1a63b6f6,5,644bcb1e7873890d43e91329,50,250,0,12.5,262.5,COD,DELIVERED
Model Town,Lahore,3211228089,9728,Punjab,Pakistan,644e3d8ba5e1e39e1a63b6f6,4,644bd2ddac5f5829b4b47596,500,2000,0,100,2100,COD,DELIVERED
F-6,Peshawar,3337556935,5785,Khyber Pakhtunkhwa,Pakistan,644e3d8ba5e1e39e1a63b6f7,2,644bd733ac5f5829b4b47609,12,24,3.6,1.2,28.8,COD,IN_TRANSIT
F-6,Peshawar,3336732960,5785,Khyber Pakhtunkhwa,Pakistan,644e3d8ba5e1e39e1a63b6f7,1,63e239d0c53615dca0911511,30,30,4.5,1.5,36,COD,DELIVERED
F-6,Peshawar,3453652497,5785,Khyber Pakhtunkhwa,Pakistan,644e3d8ba5e1e39e1a63b6f7,2,644bd0c0ac5f5829b4b474ef,35,70,10.5,3.5,84,COD,DELIVERED
F-6,Peshawar,3212188384,5785,Khyber Pakhtunkhwa,Pakistan,644e3d8ba5e1e39e1a63b6f7,3,644bd919ac5f5829b4b47687,25,75,11.25,3.75,90,COD,DELIVERED
F-6,Peshawar,3335874026,8097,Khyber Pakhtunkhwa,Pakistan,644e3d8ba5e1e39e1a63b6f9,5,63f36cc325f739098723d0f7,35,175,0,8.75,183.75,COD,DELIVERED
F-6,Peshawar,3452195383,8097,Khyber Pakhtunkhwa,Pakistan,644e3d8ba5e1e39e1a63b6f9,4,644bd9bdac5f5829b4b47693,20,80,12,4,96,COD,DELIVERED
F-6,Peshawar,3351476299,8097,Khyber Pakhtunkhwa,Pakistan,644e3d8ba5e1e39e1a63b6f9,3,64499984bed8780e7aaf9ee0,125,375,0,18.75,393.75,COD,IN_TRANSIT
F-6,Peshawar,3451273408,8097,Khyber Pakhtunkhwa,Pakistan,644e3d8ba5e1e39e1a63b6f9,4,644bcfa5ac5f5829b4b474a9,15,60,9,3,72,COD,PROCESSING
Hayatabad,Peshawar,3236061211,6648,Khyber Pakhtunkhwa,Pakistan,644e3d8ba5e1e39e1a63b6f8,1,644bcb1e7873890d43e91329,50,50,7.5,2.5,60,COD,DELIVERED
Hayatabad,Peshawar,3006878061,6648,Khyber Pakhtunkhwa,Pakistan,644e3d8ba5e1e39e1a63b6f8,2,644bcee5ac5f5829b4b47482,35,70,10.5,3.5,84,COD,DELIVERED
Hayatabad,Peshawar,3451122393,6648,Khyber Pakhtunkhwa,Pakistan,644e3d8ba5e1e39e1a63b6f8,4,64499482066c1c63114f9ffd,10,40,6,2,48,COD,DELIVERED
Hayatabad,Peshawar,3009656591,6648,Khyber Pakhtunkhwa,Pakistan,644e3d8ba5e1e39e1a63b6f8,5,644bd0c0ac5f5829b4b474ef,35,175,0,8.75,183.75,COD,IN_TRANSIT
Zarghoon Road,Quetta,3359316008,7704,Balochistan,Pakistan,644e3d8ba5e1e39e1a63b6fa,3,644bce4dac5f5829b4b47444,25,75,11.25,3.75,90,COD,DELIVERED
Zarghoon Road,Quetta,3333910887,7704,Balochistan,Pakistan,644e3d8ba5e1e39e1a63b6fa,1,644bdb89ac5f5829b4b476ce,70,70,10.5,3.5,84,COD,DELIVERED
Zarghoon Road,Quetta,3337139440,7704,Balochistan,Pakistan,644e3d8ba5e1e39e1a63b6fa,2,644bd0c0ac5f5829b4b474ef,35,70,10.5,3.5,84,COD,DELIVERED
Zarghoon Road,Quetta,3235181469,7704,Balochistan,Pakistan,644e3d8ba5e1e39e1a63b6fa,5,644bcc8eac5f5829b4b4733d,55,275,0,13.75,288.75,COD,DELIVERED
Sattelite Town,Quetta,3359095044,8985,Balochistan,Pakistan,644e3d8ba5e1e39e1a63b6fb,1,644bcb1e7873890d43e91329,50,50,7.5,2.5,60,COD,IN_TRANSIT
Sattelite Town,Quetta,3239929626,8985,Balochistan,Pakistan,644e3d8ba5e1e39e1a63b6fb,3,644bd3fcac5f5829b4b4759e,15,45,6.75,2.25,54,COD,DELIVERED
Sattelite Town,Quetta,3459913799,8985,Balochistan,Pakistan,644e3d8ba5e1e39e1a63b6fb,1,644bcc8eac5f5829b4b4733d,55,55,8.25,2.75,66,COD,DELIVERED
Sattelite Town,Quetta,3003010530,8985,Balochistan,Pakistan,644e3d8ba5e1e39e1a63b6fb,3,644bcb6d7873890d43e9132d,15,45,6.75,2.25,54,COD,DELIVERED
E-11,Islamabad,3236957787,5516,Islamabad Capital Territory,Pakistan,644e3d8ba5e1e39e1a63b6fc,2,64499507066c1c63114fa00b,25,50,7.5,2.5,60,COD,DELIVERED
E-11,Islamabad,3456065122,5516,Islamabad Capital Territory,Pakistan,644e3d8ba5e1e39e1a63b6fc,5,644bcb8d7873890d43e91331,10,50,7.5,2.5,60,COD,DELIVERED
E-11,Islamabad,3232888607,5516,Islamabad Capital Territory,Pakistan,644e3d8ba5e1e39e1a63b6fc,4,64499574066c1c63114fa045,25,100,15,5,120,COD,DELIVERED
E-11,Islamabad,3339534171,5516,Islamabad Capital Territory,Pakistan,644e3d8ba5e1e39e1a63b6fc,4,644bcc8eac5f5829b4b4733d,55,220,0,11,231,COD,PROCESSING
Karsaz,Karachi,3336082841,6804,Sindh,Pakistan,644e3d8ba5e1e39e1a63b6fd,3,644bd823ac5f5829b4b47630,30,90,13.5,4.5,108,COD,DELIVERED
Karsaz,Karachi,3451112633,6804,Sindh,Pakistan,644e3d8ba5e1e39e1a63b6fd,5,644bd0dbac5f5829b4b474f3,20,100,15,5,120,COD,DELIVERED
Karsaz,Karachi,3354776873,6804,Sindh,Pakistan,644e3d8ba5e1e39e1a63b6fd,1,644bd211ac5f5829b4b47561,65,65,9.75,3.25,78,COD,DELIVERED
Karsaz,Karachi,3232066118,6804,Sindh,Pakistan,644e3d8ba5e1e39e1a63b6fd,4,644bdb12ac5f5829b4b476c2,120,480,0,24,504,COD,DELIVERED
Airport Road,Quetta,3237603340,5920,Balochistan,Pakistan,644e3d8ba5e1e39e1a63b6ff,1,644bda52ac5f5829b4b476b6,65,65,9.75,3.25,78,COD,DELIVERED
Airport Road,Quetta,3452570018,5920,Balochistan,Pakistan,644e3d8ba5e1e39e1a63b6ff,3,644bdbb7ac5f5829b4b47701,70,210,0,10.5,220.5,COD,DELIVERED
Airport Road,Quetta,3005016051,5920,Balochistan,Pakistan,644e3d8ba5e1e39e1a63b6ff,1,644bd749ac5f5829b4b4760d,13,13,1.95,0.65,15.6,COD,DELIVERED
Airport Road,Quetta,3357206492,5920,Balochistan,Pakistan,644e3d8ba5e1e39e1a63b6ff,2,644bcb8d7873890d43e91331,10,20,3,1,24,COD,DELIVERED
Sattelite Town,Quetta,3215376954,6206,Balochistan,Pakistan,644e3d8ba5e1e39e1a63b6fe,4,6449938d066c1c63114f9fd8,30,120,0,6,126,COD,DELIVERED
Sattelite Town,Quetta,3355132467,6206,Balochistan,Pakistan,644e3d8ba5e1e39e1a63b6fe,4,644997f0bed8780e7aaf9e5b,60,240,0,12,252,COD,PROCESSING
Sattelite Town,Quetta,3356696486,6206,Balochistan,Pakistan,644e3d8ba5e1e39e1a63b6fe,5,644997f0bed8780e7aaf9e5b,60,300,0,15,315,COD,DELIVERED
Sattelite Town,Quetta,3454360066,6206,Balochistan,Pakistan,644e3d8ba5e1e39e1a63b6fe,2,644bdb89ac5f5829b4b476ce,70,140,0,7,147,COD,DELIVERED
F-6,Peshawar,3238625760,3316,Khyber Pakhtunkhwa,Pakistan,644e3d8ba5e1e39e1a63b700,5,644bdb3dac5f5829b4b476c6,105,525,0,26.25,551.25,COD,DELIVERED
F-6,Peshawar,3339124321,3316,Khyber Pakhtunkhwa,Pakistan,644e3d8ba5e1e39e1a63b700,5,63f36cc325f739098723d0f7,35,175,0,8.75,183.75,COD,DELIVERED
F-6,Peshawar,3357824098,3316,Khyber Pakhtunkhwa,Pakistan,644e3d8ba5e1e39e1a63b700,3,644bd70fac5f5829b4b47605,15,45,6.75,2.25,54,COD,DELIVERED
F-6,Peshawar,3338845246,3316,Khyber Pakhtunkhwa,Pakistan,644e3d8ba5e1e39e1a63b700,3,644997f0bed8780e7aaf9e5b,60,180,0,9,189,COD,DELIVERED
Clifton,Karachi,3003891189,4465,Sindh,Pakistan,644e3d8ba5e1e39e1a63b701,4,644bcf1cac5f5829b4b47486,45,180,0,9,189,COD,DELIVERED
Clifton,Karachi,3002203718,4465,Sindh,Pakistan,644e3d8ba5e1e39e1a63b701,2,644997f0bed8780e7aaf9e5b,60,120,0,6,126,COD,DELIVERED
Clifton,Karachi,3236799674,4465,Sindh,Pakistan,644e3d8ba5e1e39e1a63b701,3,64499482066c1c63114f9ffd,10,30,4.5,1.5,36,COD,DELIVERED
Clifton,Karachi,3238213828,4465,Sindh,Pakistan,644e3d8ba5e1e39e1a63b701,1,644bd18aac5f5829b4b4755d,40,40,6,2,48,COD,DELIVERED
Airport Road,Quetta,3358377266,5410,Balochistan,Pakistan,644e3d8ba5e1e39e1a63b702,2,644bd3fcac5f5829b4b4759e,15,30,4.5,1.5,36,COD,DELIVERED
Airport Road,Quetta,3218554359,5410,Balochistan,Pakistan,644e3d8ba5e1e39e1a63b702,1,644bd3fcac5f5829b4b4759e,15,15,2.25,0.75,18,COD,DELIVERED
Airport Road,Quetta,3455773329,5410,Balochistan,Pakistan,644e3d8ba5e1e39e1a63b702,1,644bd243ac5f5829b4b47565,10,10,1.5,0.5,12,COD,DELIVERED
Airport Road,Quetta,3237308963,5410,Balochistan,Pakistan,644e3d8ba5e1e39e1a63b702,4,644bcfa5ac5f5829b4b474a9,15,60,9,3,72,COD,DELIVERED
Gulshan-e-Iqbal,Karachi,3235943867,2204,Sindh,Pakistan,644e3d8ba5e1e39e1a63b703,5,644bdbe2ac5f5829b4b47705,150,750,0,37.5,787.5,COD,PROCESSING
Gulshan-e-Iqbal,Karachi,3006487120,2204,Sindh,Pakistan,644e3d8ba5e1e39e1a63b703,4,644bd5c8ac5f5829b4b475f9,40,160,0,8,168,COD,IN_TRANSIT
Gulshan-e-Iqbal,Karachi,3234019599,2204,Sindh,Pakistan,644e3d8ba5e1e39e1a63b703,1,644bce4dac5f5829b4b47444,25,25,3.75,1.25,30,COD,DELIVERED
Gulshan-e-Iqbal,Karachi,3337361968,2204,Sindh,Pakistan,644e3d8ba5e1e39e1a63b703,2,644bca977873890d43e912f4,30,60,9,3,72,COD,DELIVERED
Clifton,Karachi,3355319744,1133,Sindh,Pakistan,644e3d8ba5e1e39e1a63b704,5,644bd15aac5f5829b4b47559,35,175,0,8.75,183.75,COD,DELIVERED
Clifton,Karachi,3234410923,1133,Sindh,Pakistan,644e3d8ba5e1e39e1a63b704,2,64499a1abed8780e7aaf9ee8,350,700,0,35,735,COD,DELIVERED
Clifton,Karachi,3233692922,1133,Sindh,Pakistan,644e3d8ba5e1e39e1a63b704,4,644bd466ac5f5829b4b475a6,30,120,0,6,126,COD,DELIVERED
Clifton,Karachi,3214541044,1133,Sindh,Pakistan,644e3d8ba5e1e39e1a63b704,2,644bd9bdac5f5829b4b47693,20,40,6,2,48,COD,DELIVERED
Zaman Park,Lahore,3338835370,3858,Punjab,Pakistan,644e3d8ba5e1e39e1a63b705,1,644bd570ac5f5829b4b475f5,150,150,0,7.5,157.5,COD,DELIVERED
Zaman Park,Lahore,3213647296,3858,Punjab,Pakistan,644e3d8ba5e1e39e1a63b705,4,644bd502ac5f5829b4b475f1,15,60,9,3,72,COD,PROCESSING
Zaman Park,Lahore,3234939965,3858,Punjab,Pakistan,644e3d8ba5e1e39e1a63b705,5,644bd3fcac5f5829b4b4759e,15,75,11.25,3.75,90,COD,DELIVERED
Zaman Park,Lahore,3004395756,3858,Punjab,Pakistan,644e3d8ba5e1e39e1a63b705,4,644bcfa5ac5f5829b4b474a9,15,60,9,3,72,COD,DELIVERED
University Town,Peshawar,3333596220,4287,Khyber Pakhtunkhwa,Pakistan,644e3d8ba5e1e39e1a63b706,2,64499aaebed8780e7aaf9f5b,250,500,0,25,525,COD,DELIVERED
University Town,Peshawar,3006495600,4287,Khyber Pakhtunkhwa,Pakistan,644e3d8ba5e1e39e1a63b706,5,644bd8abac5f5829b4b47683,45,225,0,11.25,236.25,COD,DELIVERED
University Town,Peshawar,3356528220,4287,Khyber Pakhtunkhwa,Pakistan,644e3d8ba5e1e39e1a63b706,2,6449938d066c1c63114f9fd8,30,60,9,3,72,COD,DELIVERED
University Town,Peshawar,3351992512,4287,Khyber Pakhtunkhwa,Pakistan,644e3d8ba5e1e39e1a63b706,4,644bd0dbac5f5829b4b474f3,20,80,12,4,96,COD,DELIVERED
Malir,Karachi,3338222685,5650,Sindh,Pakistan,644e3d8ba5e1e39e1a63b707,5,644bd502ac5f5829b4b475f1,15,75,11.25,3.75,90,COD,DELIVERED
Malir,Karachi,3352118754,5650,Sindh,Pakistan,644e3d8ba5e1e39e1a63b707,4,644bdb12ac5f5829b4b476c2,120,480,0,24,504,COD,DELIVERED
Malir,Karachi,3232398883,5650,Sindh,Pakistan,644e3d8ba5e1e39e1a63b707,2,644bd919ac5f5829b4b47687,25,50,7.5,2.5,60,COD,DELIVERED
Malir,Karachi,3231515977,5650,Sindh,Pakistan,644e3d8ba5e1e39e1a63b707,3,644bcdd6ac5f5829b4b47425,10,30,4.5,1.5,36,COD,DELIVERED
Zaman Park,Lahore,3338544318,8578,Punjab,Pakistan,644e3d8ba5e1e39e1a63b708,2,644bd042ac5f5829b4b474cc,75,150,0,7.5,157.5,COD,DELIVERED
Zaman Park,Lahore,3213241850,8578,Punjab,Pakistan,644e3d8ba5e1e39e1a63b708,3,644bd3fcac5f5829b4b4759e,15,45,6.75,2.25,54,COD,DELIVERED
Zaman Park,Lahore,3337588277,8578,Punjab,Pakistan,644e3d8ba5e1e39e1a63b708,3,644bcda7ac5f5829b4b47407,10,30,4.5,1.5,36,COD,DELIVERED
Zaman Park,Lahore,3352889145,8578,Punjab,Pakistan,644e3d8ba5e1e39e1a63b708,2,644bcb1e7873890d43e91329,50,100,15,5,120,COD,DELIVERED
Clifton,Karachi,3358750457,7163,Sindh,Pakistan,644e3d8ba5e1e39e1a63b709,5,64499507066c1c63114fa00b,25,125,0,6.25,131.25,COD,DELIVERED
Clifton,Karachi,3219870120,7163,Sindh,Pakistan,644e3d8ba5e1e39e1a63b709,5,644bcac07873890d43e912f8,35,175,0,8.75,183.75,COD,DELIVERED
Clifton,Karachi,3008585549,7163,Sindh,Pakistan,644e3d8ba5e1e39e1a63b709,4,644bd860ac5f5829b4b47638,25,100,15,5,120,COD,IN_TRANSIT
Clifton,Karachi,3356705017,7163,Sindh,Pakistan,644e3d8ba5e1e39e1a63b709,2,644bcda7ac5f5829b4b47407,10,20,3,1,24,COD,DELIVERED
University Town,Peshawar,3454729092,9723,Khyber Pakhtunkhwa,Pakistan,644e3d8ba5e1e39e1a63b70a,3,644bdb67ac5f5829b4b476ca,87,261,0,13.05,274.05,COD,DELIVERED
University Town,Peshawar,3005381280,9723,Khyber Pakhtunkhwa,Pakistan,644e3d8ba5e1e39e1a63b70a,1,644bd8abac5f5829b4b47683,45,45,6.75,2.25,54,COD,DELIVERED
University Town,Peshawar,3332431433,9723,Khyber Pakhtunkhwa,Pakistan,644e3d8ba5e1e39e1a63b70a,5,644bd70fac5f5829b4b47605,15,75,11.25,3.75,90,COD,PROCESSING
University Town,Peshawar,3004721364,9723,Khyber Pakhtunkhwa,Pakistan,644e3d8ba5e1e39e1a63b70a,4,644bd919ac5f5829b4b47687,25,100,15,5,120,COD,DELIVERED
I-10,Islamabad,3354874982,5124,Islamabad Capital Territory,Pakistan,644e3d8ba5e1e39e1a63b70b,1,644bd823ac5f5829b4b47630,30,30,4.5,1.5,36,COD,DELIVERED
I-10,Islamabad,3333218210,5124,Islamabad Capital Territory,Pakistan,644e3d8ba5e1e39e1a63b70b,1,644bd70fac5f5829b4b47605,15,15,2.25,0.75,18,COD,PROCESSING
I-10,Islamabad,3455125219,5124,Islamabad Capital Territory,Pakistan,644e3d8ba5e1e39e1a63b70b,1,644bcda7ac5f5829b4b47407,10,10,1.5,0.5,12,COD,DELIVERED
I-10,Islamabad,3352357691,5124,Islamabad Capital Territory,Pakistan,644e3d8ba5e1e39e1a63b70b,1,644bda7eac5f5829b4b476ba,75,75,11.25,3.75,90,COD,DELIVERED
Sattelite Town,Quetta,3339502934,2734,Balochistan,Pakistan,644e3d8ba5e1e39e1a63b70c,1,644bcfa5ac5f5829b4b474a9,15,15,2.25,0.75,18,COD,DELIVERED
Sattelite Town,Quetta,3357609062,2734,Balochistan,Pakistan,644e3d8ba5e1e39e1a63b70c,5,63e239d0c53615dca0911511,30,150,0,7.5,157.5,COD,DELIVERED
Sattelite Town,Quetta,3238802620,2734,Balochistan,Pakistan,644e3d8ba5e1e39e1a63b70c,3,644bcf73ac5f5829b4b474a5,25,75,11.25,3.75,90,COD,DELIVERED
Sattelite Town,Quetta,3455603115,2734,Balochistan,Pakistan,644e3d8ba5e1e39e1a63b70c,2,644bcb1e7873890d43e91329,50,100,15,5,120,COD,DELIVERED
Gulshan-e-Iqbal,Karachi,3455734274,4651,Sindh,Pakistan,644e3d8ba5e1e39e1a63b70d,3,644bd7f7ac5f5829b4b4762c,35,105,0,5.25,110.25,COD,IN_TRANSIT
Gulshan-e-Iqbal,Karachi,3339861708,4651,Sindh,Pakistan,644e3d8ba5e1e39e1a63b70d,5,644bcc8eac5f5829b4b4733d,55,275,0,13.75,288.75,COD,DELIVERED
Gulshan-e-Iqbal,Karachi,3335638909,4651,Sindh,Pakistan,644e3d8ba5e1e39e1a63b70d,4,644bd823ac5f5829b4b47630,30,120,0,6,126,COD,DELIVERED
Gulshan-e-Iqbal,Karachi,3453433031,4651,Sindh,Pakistan,644e3d8ba5e1e39e1a63b70d,3,644bdaafac5f5829b4b476be,35,105,0,5.25,110.25,COD,DELIVERED
University Town,Peshawar,3211498968,2239,Khyber Pakhtunkhwa,Pakistan,644e3d8ba5e1e39e1a63b70e,3,644bd18aac5f5829b4b4755d,40,120,0,6,126,COD,DELIVERED
University Town,Peshawar,3003531497,2239,Khyber Pakhtunkhwa,Pakistan,644e3d8ba5e1e39e1a63b70e,2,644bd842ac5f5829b4b47634,40,80,12,4,96,COD,DELIVERED
University Town,Peshawar,3353875167,2239,Khyber Pakhtunkhwa,Pakistan,644e3d8ba5e1e39e1a63b70e,1,644bd0c0ac5f5829b4b474ef,35,35,5.25,1.75,42,COD,DELIVERED
University Town,Peshawar,3459637171,2239,Khyber Pakhtunkhwa,Pakistan,644e3d8ba5e1e39e1a63b70e,1,644bcccfac5f5829b4b47358,60,60,9,3,72,COD,DELIVERED
Hayatabad,Peshawar,3332404988,3680,Khyber Pakhtunkhwa,Pakistan,644e3d8ba5e1e39e1a63b70f,1,64499482066c1c63114f9ffd,10,10,1.5,0.5,12,COD,PROCESSING
Hayatabad,Peshawar,3336505575,3680,Khyber Pakhtunkhwa,Pakistan,644e3d8ba5e1e39e1a63b70f,5,644bcc8eac5f5829b4b4733d,55,275,0,13.75,288.75,COD,DELIVERED
Hayatabad,Peshawar,3456701656,3680,Khyber Pakhtunkhwa,Pakistan,644e3d8ba5e1e39e1a63b70f,3,644bcfa5ac5f5829b4b474a9,15,45,6.75,2.25,54,COD,DELIVERED
Hayatabad,Peshawar,3219594935,3680,Khyber Pakhtunkhwa,Pakistan,644e3d8ba5e1e39e1a63b70f,3,644bd60eac5f5829b4b475fd,25,75,11.25,3.75,90,COD,DELIVERED
Hayatabad,Peshawar,3218517634,6840,Khyber Pakhtunkhwa,Pakistan,644e3d8ba5e1e39e1a63b710,3,644bd60eac5f5829b4b475fd,25,75,11.25,3.75,90,COD,DELIVERED
Hayatabad,Peshawar,3336015488,6840,Khyber Pakhtunkhwa,Pakistan,644e3d8ba5e1e39e1a63b710,4,644bcccfac5f5829b4b47358,60,240,0,12,252,COD,DELIVERED
Hayatabad,Peshawar,3007936847,6840,Khyber Pakhtunkhwa,Pakistan,644e3d8ba5e1e39e1a63b710,5,644997f0bed8780e7aaf9e5b,60,300,0,15,315,COD,DELIVERED
Hayatabad,Peshawar,3219938278,6840,Khyber Pakhtunkhwa,Pakistan,644e3d8ba5e1e39e1a63b710,3,644bd2ddac5f5829b4b47596,500,1500,0,75,1575,COD,PROCESSING
Airport Road,Quetta,3211719151,2695,Balochistan,Pakistan,644e3d8ba5e1e39e1a63b711,3,644bd733ac5f5829b4b47609,12,36,5.4,1.8,43.2,COD,DELIVERED
Airport Road,Quetta,3453887045,2695,Balochistan,Pakistan,644e3d8ba5e1e39e1a63b711,1,63f36cc325f739098723d0f7,35,35,5.25,1.75,42,COD,DELIVERED
Airport Road,Quetta,3217776434,2695,Balochistan,Pakistan,644e3d8ba5e1e39e1a63b711,3,644bd042ac5f5829b4b474cc,75,225,0,11.25,236.25,COD,DELIVERED
Airport Road,Quetta,3238584646,2695,Balochistan,Pakistan,644e3d8ba5e1e39e1a63b711,2,644bd9bdac5f5829b4b47693,20,40,6,2,48,COD,DELIVERED
Defence,Karachi,3337880079,2653,Sindh,Pakistan,644e3d8ba5e1e39e1a63b712,2,64499984bed8780e7aaf9ee0,125,250,0,12.5,262.5,COD,DELIVERED
Defence,Karachi,3333330304,2653,Sindh,Pakistan,644e3d8ba5e1e39e1a63b712,5,6449938d066c1c63114f9fd8,30,150,0,7.5,157.5,COD,DELIVERED
Defence,Karachi,3233278463,2653,Sindh,Pakistan,644e3d8ba5e1e39e1a63b712,2,644bd0c0ac5f5829b4b474ef,35,70,10.5,3.5,84,COD,DELIVERED
Defence,Karachi,3359929525,2653,Sindh,Pakistan,644e3d8ba5e1e39e1a63b712,3,644bca977873890d43e912f4,30,90,13.5,4.5,108,COD,PROCESSING
Zaman Park,Lahore,3355136061,1785,Punjab,Pakistan,644e3d8ba5e1e39e1a63b713,2,64499482066c1c63114f9ffd,10,20,3,1,24,COD,DELIVERED
Zaman Park,Lahore,3352360723,1785,Punjab,Pakistan,644e3d8ba5e1e39e1a63b713,1,644bdb12ac5f5829b4b476c2,120,120,0,6,126,COD,DELIVERED
Zaman Park,Lahore,3237209269,1785,Punjab,Pakistan,644e3d8ba5e1e39e1a63b713,5,644bd9f3ac5f5829b4b47697,25,125,0,6.25,131.25,COD,DELIVERED
Zaman Park,Lahore,3234557147,1785,Punjab,Pakistan,644e3d8ba5e1e39e1a63b713,4,644bcb1e7873890d43e91329,50,200,0,10,210,COD,DELIVERED
Model Town,Lahore,3006546463,2677,Punjab,Pakistan,644e3d8ba5e1e39e1a63b714,3,644bdaafac5f5829b4b476be,35,105,0,5.25,110.25,COD,DELIVERED
Model Town,Lahore,3359128332,2677,Punjab,Pakistan,644e3d8ba5e1e39e1a63b714,4,644bcccfac5f5829b4b47358,60,240,0,12,252,COD,DELIVERED
Model Town,Lahore,3214922871,2677,Punjab,Pakistan,644e3d8ba5e1e39e1a63b714,5,644bd860ac5f5829b4b47638,25,125,0,6.25,131.25,COD,IN_TRANSIT
Model Town,Lahore,3235660045,2677,Punjab,Pakistan,644e3d8ba5e1e39e1a63b714,3,644bdb12ac5f5829b4b476c2,120,360,0,18,378,COD,PROCESSING
North Nazimabad,Karachi,3458383323,2050,Sindh,Pakistan,644e3d8ba5e1e39e1a63b715,2,644bd570ac5f5829b4b475f5,150,300,0,15,315,COD,DELIVERED
North Nazimabad,Karachi,3339306446,2050,Sindh,Pakistan,644e3d8ba5e1e39e1a63b715,2,644bd243ac5f5829b4b47565,10,20,3,1,24,COD,DELIVERED
North Nazimabad,Karachi,3218100177,2050,Sindh,Pakistan,644e3d8ba5e1e39e1a63b715,4,644bcae77873890d43e912fc,50,200,0,10,210,COD,PROCESSING
North Nazimabad,Karachi,3001169078,2050,Sindh,Pakistan,644e3d8ba5e1e39e1a63b715,3,644bd9f3ac5f5829b4b47697,25,75,11.25,3.75,90,COD,DELIVERED
I-10,Islamabad,3002023114,6572,Islamabad Capital Territory,Pakistan,644e3d8ba5e1e39e1a63b716,1,644bcf1cac5f5829b4b47486,45,45,6.75,2.25,54,COD,DELIVERED
I-10,Islamabad,3456619359,6572,Islamabad Capital Territory,Pakistan,644e3d8ba5e1e39e1a63b716,2,64499a1abed8780e7aaf9ee8,350,700,0,35,735,COD,DELIVERED
I-10,Islamabad,3215648394,6572,Islamabad Capital Territory,Pakistan,644e3d8ba5e1e39e1a63b716,5,64499482066c1c63114f9ffd,10,50,7.5,2.5,60,COD,DELIVERED
I-10,Islamabad,3214689492,6572,Islamabad Capital Territory,Pakistan,644e3d8ba5e1e39e1a63b716,5,644bd318ac5f5829b4b4759a,750,3750,0,187.5,3937.5,COD,DELIVERED
Sattelite Town,Quetta,3217502244,4347,Balochistan,Pakistan,644e3d8ba5e1e39e1a63b717,1,64499507066c1c63114fa00b,25,25,3.75,1.25,30,COD,DELIVERED
Sattelite Town,Quetta,3457685929,4347,Balochistan,Pakistan,644e3d8ba5e1e39e1a63b717,3,644999dbbed8780e7aaf9ee4,100,300,0,15,315,COD,DELIVERED
Sattelite Town,Quetta,3333960657,4347,Balochistan,Pakistan,644e3d8ba5e1e39e1a63b717,1,644bd9bdac5f5829b4b47693,20,20,3,1,24,COD,DELIVERED
Sattelite Town,Quetta,3214686177,4347,Balochistan,Pakistan,644e3d8ba5e1e39e1a63b717,4,64499482066c1c63114f9ffd,10,40,6,2,48,COD,PROCESSING
E-11,Islamabad,3454715189,5439,Islamabad Capital Territory,Pakistan,644e3d8ba5e1e39e1a63b718,3,644bd502ac5f5829b4b475f1,15,45,6.75,2.25,54,COD,IN_TRANSIT
E-11,Islamabad,3358228075,5439,Islamabad Capital Territory,Pakistan,644e3d8ba5e1e39e1a63b718,4,644bd70fac5f5829b4b47605,15,60,9,3,72,COD,DELIVERED
E-11,Islamabad,3213821100,5439,Islamabad Capital Territory,Pakistan,644e3d8ba5e1e39e1a63b718,2,644bd570ac5f5829b4b475f5,150,300,0,15,315,COD,DELIVERED
E-11,Islamabad,3003053952,5439,Islamabad Capital Territory,Pakistan,644e3d8ba5e1e39e1a63b718,1,644bd570ac5f5829b4b475f5,150,150,0,7.5,157.5,COD,IN_TRANSIT
DHA,Lahore,3001966912,6846,Punjab,Pakistan,644e3d8ba5e1e39e1a63b719,5,64499a1abed8780e7aaf9ee8,350,1750,0,87.5,1837.5,COD,DELIVERED
DHA,Lahore,3001903259,6846,Punjab,Pakistan,644e3d8ba5e1e39e1a63b719,2,644bcdd6ac5f5829b4b47425,10,20,3,1,24,COD,PROCESSING
DHA,Lahore,3215181107,6846,Punjab,Pakistan,644e3d8ba5e1e39e1a63b719,5,644bcee5ac5f5829b4b47482,35,175,0,8.75,183.75,COD,DELIVERED
DHA,Lahore,3217171039,6846,Punjab,Pakistan,644e3d8ba5e1e39e1a63b719,5,644bd07bac5f5829b4b474d0,95,475,0,23.75,498.75,COD,DELIVERED
F-6,Peshawar,3214118178,9111,Khyber Pakhtunkhwa,Pakistan,644e3d8ba5e1e39e1a63b71a,2,63f36cc325f739098723d0f7,35,70,10.5,3.5,84,COD,PROCESSING
F-6,Peshawar,3211713440,9111,Khyber Pakhtunkhwa,Pakistan,644e3d8ba5e1e39e1a63b71a,3,64499a1abed8780e7aaf9ee8,350,1050,0,52.5,1102.5,COD,IN_TRANSIT
F-6,Peshawar,3217257120,9111,Khyber Pakhtunkhwa,Pakistan,644e3d8ba5e1e39e1a63b71a,2,64499574066c1c63114fa045,25,50,7.5,2.5,60,COD,DELIVERED
F-6,Peshawar,3332036418,9111,Khyber Pakhtunkhwa,Pakistan,644e3d8ba5e1e39e1a63b71a,5,644bcf1cac5f5829b4b47486,45,225,0,11.25,236.25,COD,DELIVERED
University Town,Peshawar,3002986495,8383,Khyber Pakhtunkhwa,Pakistan,644e3d8ba5e1e39e1a63b71b,1,644bd211ac5f5829b4b47561,65,65,9.75,3.25,78,COD,DELIVERED
University Town,Peshawar,3215954027,8383,Khyber Pakhtunkhwa,Pakistan,644e3d8ba5e1e39e1a63b71b,5,644bcc8eac5f5829b4b4733d,55,275,0,13.75,288.75,COD,DELIVERED
University Town,Peshawar,3352369418,8383,Khyber Pakhtunkhwa,Pakistan,644e3d8ba5e1e39e1a63b71b,4,644bda52ac5f5829b4b476b6,65,260,0,13,273,COD,DELIVERED
University Town,Peshawar,3211305578,8383,Khyber Pakhtunkhwa,Pakistan,644e3d8ba5e1e39e1a63b71b,3,644bd18aac5f5829b4b4755d,40,120,0,6,126,COD,DELIVERED
Cavalry Ground,Lahore,3458731108,1107,Punjab,Pakistan,644e3d8ba5e1e39e1a63b71c,1,644bd70fac5f5829b4b47605,15,15,2.25,0.75,18,COD,IN_TRANSIT
Cavalry Ground,Lahore,3355478248,1107,Punjab,Pakistan,644e3d8ba5e1e39e1a63b71c,3,644bd94cac5f5829b4b4768b,23,69,10.35,3.45,82.8,COD,DELIVERED
Cavalry Ground,Lahore,3235011298,1107,Punjab,Pakistan,644e3d8ba5e1e39e1a63b71c,5,644bcc8eac5f5829b4b4733d,55,275,0,13.75,288.75,COD,DELIVERED
Cavalry Ground,Lahore,3002559468,1107,Punjab,Pakistan,644e3d8ba5e1e39e1a63b71c,4,644bcb6d7873890d43e9132d,15,60,9,3,72,COD,DELIVERED
F-6,Peshawar,3339164964,3981,Khyber Pakhtunkhwa,Pakistan,644e3d8ba5e1e39e1a63b71d,5,644bdb3dac5f5829b4b476c6,105,525,0,26.25,551.25,COD,DELIVERED
F-6,Peshawar,3451981528,3981,Khyber Pakhtunkhwa,Pakistan,644e3d8ba5e1e39e1a63b71d,1,644bcccfac5f5829b4b47358,60,60,9,3,72,COD,DELIVERED
F-6,Peshawar,3238092256,3981,Khyber Pakhtunkhwa,Pakistan,644e3d8ba5e1e39e1a63b71d,5,644bd749ac5f5829b4b4760d,13,65,9.75,3.25,78,COD,DELIVERED
F-6,Peshawar,3231385588,3981,Khyber Pakhtunkhwa,Pakistan,644e3d8ba5e1e39e1a63b71d,5,644bd60eac5f5829b4b475fd,25,125,0,6.25,131.25,COD,DELIVERED
Gulberg,Lahore,3456709154,3378,Punjab,Pakistan,644e3d8ba5e1e39e1a63b71e,1,644bd842ac5f5829b4b47634,40,40,6,2,48,COD,DELIVERED
Gulberg,Lahore,3352334314,3378,Punjab,Pakistan,644e3d8ba5e1e39e1a63b71e,1,644bcee5ac5f5829b4b47482,35,35,5.25,1.75,42,COD,DELIVERED
Gulberg,Lahore,3353927641,3378,Punjab,Pakistan,644e3d8ba5e1e39e1a63b71e,4,644bdbb7ac5f5829b4b47701,70,280,0,14,294,COD,IN_TRANSIT
Gulberg,Lahore,3239935912,3378,Punjab,Pakistan,644e3d8ba5e1e39e1a63b71e,3,644bd98aac5f5829b4b4768f,30,90,13.5,4.5,108,COD,DELIVERED
Karsaz,Karachi,3216108243,3046,Sindh,Pakistan,644e3d8ba5e1e39e1a63b723,4,644bd2ddac5f5829b4b47596,500,2000,0,100,2100,COD,IN_TRANSIT
Karsaz,Karachi,3451739750,3046,Sindh,Pakistan,644e3d8ba5e1e39e1a63b723,5,644bdbb7ac5f5829b4b47701,70,350,0,17.5,367.5,COD,DELIVERED
Karsaz,Karachi,3358954200,3046,Sindh,Pakistan,644e3d8ba5e1e39e1a63b723,3,644bdb89ac5f5829b4b476ce,70,210,0,10.5,220.5,COD,DELIVERED
Karsaz,Karachi,3232807745,3046,Sindh,Pakistan,644e3d8ba5e1e39e1a63b723,2,644bd9bdac5f5829b4b47693,20,40,6,2,48,COD,DELIVERED
G-9,Islamabad,3451501192,2655,Islamabad Capital Territory,Pakistan,644e3d8ba5e1e39e1a63b724,5,644bd466ac5f5829b4b475a6,30,150,0,7.5,157.5,COD,DELIVERED
G-9,Islamabad,3009419886,2655,Islamabad Capital Territory,Pakistan,644e3d8ba5e1e39e1a63b724,1,644bdb3dac5f5829b4b476c6,105,105,0,5.25,110.25,COD,PROCESSING
G-9,Islamabad,3218535664,2655,Islamabad Capital Territory,Pakistan,644e3d8ba5e1e39e1a63b724,3,644bdb12ac5f5829b4b476c2,120,360,0,18,378,COD,DELIVERED
G-9,Islamabad,3358938775,2655,Islamabad Capital Territory,Pakistan,644e3d8ba5e1e39e1a63b724,3,644bdb3dac5f5829b4b476c6,105,315,0,15.75,330.75,COD,DELIVERED
F-10,Islamabad,3333942781,3888,Islamabad Capital Territory,Pakistan,644e3d8ba5e1e39e1a63b725,5,644bd823ac5f5829b4b47630,30,150,0,7.5,157.5,COD,DELIVERED
F-10,Islamabad,3006235464,3888,Islamabad Capital Territory,Pakistan,644e3d8ba5e1e39e1a63b725,2,644bd042ac5f5829b4b474cc,75,150,0,7.5,157.5,COD,DELIVERED
F-10,Islamabad,3238134115,3888,Islamabad Capital Territory,Pakistan,644e3d8ba5e1e39e1a63b725,4,644bd94cac5f5829b4b4768b,23,92,13.8,4.6,110.4,COD,DELIVERED
F-10,Islamabad,3351606191,3888,Islamabad Capital Territory,Pakistan,644e3d8ba5e1e39e1a63b725,2,644bcfa5ac5f5829b4b474a9,15,30,4.5,1.5,36,COD,DELIVERED
I-10,Islamabad,3008705966,3779,Islamabad Capital Territory,Pakistan,644e3d8ba5e1e39e1a63b726,5,644bd211ac5f5829b4b47561,65,325,0,16.25,341.25,COD,PROCESSING
I-10,Islamabad,3007305160,3779,Islamabad Capital Territory,Pakistan,644e3d8ba5e1e39e1a63b726,3,63f36cc325f739098723d0f7,35,105,0,5.25,110.25,COD,DELIVERED
I-10,Islamabad,3458442812,3779,Islamabad Capital Territory,Pakistan,644e3d8ba5e1e39e1a63b726,5,644bce80ac5f5829b4b47463,15,75,11.25,3.75,90,COD,DELIVERED
I-10,Islamabad,3357120191,3779,Islamabad Capital Territory,Pakistan,644e3d8ba5e1e39e1a63b726,4,644bcccfac5f5829b4b47358,60,240,0,12,252,COD,PROCESSING
Jinnah Town,Quetta,3459434403,2032,Balochistan,Pakistan,644e3d8ba5e1e39e1a63b727,5,644bcda7ac5f5829b4b47407,10,50,7.5,2.5,60,COD,DELIVERED
Jinnah Town,Quetta,3359441598,2032,Balochistan,Pakistan,644e3d8ba5e1e39e1a63b727,2,644bdb3dac5f5829b4b476c6,105,210,0,10.5,220.5,COD,DELIVERED
Jinnah Town,Quetta,3239589305,2032,Balochistan,Pakistan,644e3d8ba5e1e39e1a63b727,5,63f36cc325f739098723d0f7,35,175,0,8.75,183.75,COD,DELIVERED
Jinnah Town,Quetta,3456464881,2032,Balochistan,Pakistan,644e3d8ba5e1e39e1a63b727,3,64499aaebed8780e7aaf9f5b,250,750,0,37.5,787.5,COD,DELIVERED
Gulshan-e-Iqbal,Karachi,3451566882,3643,Sindh,Pakistan,644e3d8ba5e1e39e1a63b728,2,644bd0dbac5f5829b4b474f3,20,40,6,2,48,COD,PROCESSING
Gulshan-e-Iqbal,Karachi,3336710154,3643,Sindh,Pakistan,644e3d8ba5e1e39e1a63b728,2,644bd502ac5f5829b4b475f1,15,30,4.5,1.5,36,COD,DELIVERED
Gulshan-e-Iqbal,Karachi,3338350745,3643,Sindh,Pakistan,644e3d8ba5e1e39e1a63b728,4,644bd5c8ac5f5829b4b475f9,40,160,0,8,168,COD,DELIVERED
Gulshan-e-Iqbal,Karachi,3457761373,3643,Sindh,Pakistan,644e3d8ba5e1e39e1a63b728,5,644bd94cac5f5829b4b4768b,23,115,0,5.75,120.75,COD,DELIVERED
Cavalry Ground,Lahore,3456073868,9620,Punjab,Pakistan,644e3d8ba5e1e39e1a63b729,2,64499984bed8780e7aaf9ee0,125,250,0,12.5,262.5,COD,DELIVERED
Cavalry Ground,Lahore,3231516845,9620,Punjab,Pakistan,644e3d8ba5e1e39e1a63b729,3,64499a1abed8780e7aaf9ee8,350,1050,0,52.5,1102.5,COD,DELIVERED
Cavalry Ground,Lahore,3215697700,9620,Punjab,Pakistan,644e3d8ba5e1e39e1a63b729,4,644997f0bed8780e7aaf9e5b,60,240,0,12,252,COD,IN_TRANSIT
Cavalry Ground,Lahore,3334443708,9620,Punjab,Pakistan,644e3d8ba5e1e39e1a63b729,2,644bdaafac5f5829b4b476be,35,70,10.5,3.5,84,COD,DELIVERED
Karsaz,Karachi,3232279793,3533,Sindh,Pakistan,644e3d8ba5e1e39e1a63b72b,5,64499aaebed8780e7aaf9f5b,250,1250,0,62.5,1312.5,COD,DELIVERED
Karsaz,Karachi,3217422300,3533,Sindh,Pakistan,644e3d8ba5e1e39e1a63b72b,2,63f36cc325f739098723d0f7,35,70,10.5,3.5,84,COD,DELIVERED
Karsaz,Karachi,3458820499,3533,Sindh,Pakistan,644e3d8ba5e1e39e1a63b72b,3,64499482066c1c63114f9ffd,10,30,4.5,1.5,36,COD,IN_TRANSIT
Karsaz,Karachi,3355930696,3533,Sindh,Pakistan,644e3d8ba5e1e39e1a63b72b,1,644bd60eac5f5829b4b475fd,25,25,3.75,1.25,30,COD,DELIVERED
F-10,Islamabad,3218431917,7138,Islamabad Capital Territory,Pakistan,644e3d8ba5e1e39e1a63b72a,3,644bcdd6ac5f5829b4b47425,10,30,4.5,1.5,36,COD,DELIVERED
F-10,Islamabad,3456216998,7138,Islamabad Capital Territory,Pakistan,644e3d8ba5e1e39e1a63b72a,3,644bd8abac5f5829b4b47683,45,135,0,6.75,141.75,COD,DELIVERED
F-10,Islamabad,3234075253,7138,Islamabad Capital Territory,Pakistan,644e3d8ba5e1e39e1a63b72a,2,644bd8abac5f5829b4b47683,45,90,13.5,4.5,108,COD,DELIVERED
F-10,Islamabad,3456405101,7138,Islamabad Capital Territory,Pakistan,644e3d8ba5e1e39e1a63b72a,3,644bdb89ac5f5829b4b476ce,70,210,0,10.5,220.5,COD,DELIVERED
Hayatabad,Peshawar,3234214391,2694,Khyber Pakhtunkhwa,Pakistan,644e3d8ba5e1e39e1a63b72c,2,64499984bed8780e7aaf9ee0,125,250,0,12.5,262.5,COD,DELIVERED
Hayatabad,Peshawar,3352605214,2694,Khyber Pakhtunkhwa,Pakistan,644e3d8ba5e1e39e1a63b72c,4,644bd07bac5f5829b4b474d0,95,380,0,19,399,COD,DELIVERED
Hayatabad,Peshawar,3234746572,2694,Khyber Pakhtunkhwa,Pakistan,644e3d8ba5e1e39e1a63b72c,5,644bd18aac5f5829b4b4755d,40,200,0,10,210,COD,DELIVERED
Hayatabad,Peshawar,3211208034,2694,Khyber Pakhtunkhwa,Pakistan,644e3d8ba5e1e39e1a63b72c,3,644bcfa5ac5f5829b4b474a9,15,45,6.75,2.25,54,COD,DELIVERED
D-12,Islamabad,3004511412,7565,Islamabad Capital Territory,Pakistan,644e3d8ba5e1e39e1a63b72d,2,644bda52ac5f5829b4b476b6,65,130,0,6.5,136.5,COD,DELIVERED
D-12,Islamabad,3235462411,7565,Islamabad Capital Territory,Pakistan,644e3d8ba5e1e39e1a63b72d,1,63e239d0c53615dca0911511,30,30,4.5,1.5,36,COD,DELIVERED
D-12,Islamabad,3453748254,7565,Islamabad Capital Territory,Pakistan,644e3d8ba5e1e39e1a63b72d,3,644bd60eac5f5829b4b475fd,25,75,11.25,3.75,90,COD,PROCESSING
D-12,Islamabad,3332986668,7565,Islamabad Capital Territory,Pakistan,644e3d8ba5e1e39e1a63b72d,5,64499574066c1c63114fa045,25,125,0,6.25,131.25,COD,DELIVERED
E-11,Islamabad,3001962453,1719,Islamabad Capital Territory,Pakistan,644e3d8ba5e1e39e1a63b72e,1,644bcccfac5f5829b4b47358,60,60,9,3,72,COD,DELIVERED
E-11,Islamabad,3355227346,1719,Islamabad Capital Territory,Pakistan,644e3d8ba5e1e39e1a63b72e,5,644bcd38ac5f5829b4b47374,40,200,0,10,210,COD,DELIVERED
E-11,Islamabad,3007630179,1719,Islamabad Capital Territory,Pakistan,644e3d8ba5e1e39e1a63b72e,3,644bd60eac5f5829b4b475fd,25,75,11.25,3.75,90,COD,DELIVERED
E-11,Islamabad,3219228491,1719,Islamabad Capital Territory,Pakistan,644e3d8ba5e1e39e1a63b72e,4,644bcdd6ac5f5829b4b47425,10,40,6,2,48,COD,DELIVERED
Model Town,Lahore,3006986598,5542,Punjab,Pakistan,644e3d8ba5e1e39e1a63b72f,1,644bdbe2ac5f5829b4b47705,150,150,0,7.5,157.5,COD,DELIVERED
Model Town,Lahore,3214883145,5542,Punjab,Pakistan,644e3d8ba5e1e39e1a63b72f,4,644bd98aac5f5829b4b4768f,30,120,0,6,126,COD,DELIVERED
Model Town,Lahore,3007356689,5542,Punjab,Pakistan,644e3d8ba5e1e39e1a63b72f,5,644bd0dbac5f5829b4b474f3,20,100,15,5,120,COD,PROCESSING
Model Town,Lahore,3334182475,5542,Punjab,Pakistan,644e3d8ba5e1e39e1a63b72f,3,644bdb12ac5f5829b4b476c2,120,360,0,18,378,COD,DELIVERED
